"Product ID","Product Name","Product Main image","Product Details Page Link","Product Price(Unit price)",Commission,"Promotion Link(Valid for 15 days)"
916961,"Wltoys A959 RC Car 1/18 2.4G 4WD Vehicles Models Off Road Truck RTR Toy",https://imgaz1.staticbg.com/thumb/gallery/upload/2012/chenjianwei/SKU119916.21.jpg,https://www.banggood.com/Wltoys-A959-RC-Car-1-or-18-2_4G-4WD-Vehicles-Models-Off-Road-Truck-RTR-Toy-reviews-p916961.html,US$98.16,US$6.87,https://www.banggood.com/Wltoys-A959-RC-Car-1-or-18-2_4G-4WD-Vehicles-Models-Off-Road-Truck-RTR-Toy-p-916961.html?p=4T181370308054202203&custlinkid=1794843
980187,"Wltoys K989 1/28 2.4G 4WD Alloy Chassis Brushed RC Car Vehicles RTR Model",https://imgaz.staticbg.com/thumb/gallery/2014/xuzijiao/06/SKU240579/SKU240579.jpg,https://www.banggood.com/Wltoys-K989-1-or-28-2_4G-4WD-Alloy-Chassis-Brushed-RC-Car-Vehicles-RTR-Model-reviews-p980187.html,US$71.13,US$4.98,https://www.banggood.com/Wltoys-K989-1-or-28-2_4G-4WD-Alloy-Chassis-Brushed-RC-Car-Vehicles-RTR-Model-p-980187.html?p=4T181370308054202203&custlinkid=1794844
1044138,"WLtoys A959-B 1/18 4WD Truck Off Road RC Car 70km/h 7.4V 1400MAH",https://imgaz.staticbg.com/thumb/gallery/oaupload/banggood/images/A3/F5/48912d62-0ee5-4b56-801a-a1c61503bd2d.jpg,https://www.banggood.com/WLtoys-A959-B-1-or-18-4WD-Truck-Off-Road-RC-Car-70km-or-h-7_4V-1400MAH-reviews-p1044138.html,US$78.99,US$5.53,https://www.banggood.com/WLtoys-A959-B-1-or-18-4WD-Truck-Off-Road-RC-Car-70km-or-h-7_4V-1400MAH-p-1044138.html?p=4T181370308054202203&custlinkid=1794845
1046285,"WLtoys 12427 2.4G 1/12 4WD Crawler RC Car With LED Light 7.4V 1500mAh",https://imgaz2.staticbg.com/thumb/gallery/oaupload/banggood/images/B3/27/a68358ce-1f4c-47c4-a2d6-baa2bd669a65.jpg,https://www.banggood.com/WLtoys-12427-2_4G-1-or-12-4WD-Crawler-RC-Car-With-LED-Light-7_4V-1500mAh-reviews-p1046285.html,US$128.19,US$8.97,https://www.banggood.com/WLtoys-12427-2_4G-1-or-12-4WD-Crawler-RC-Car-With-LED-Light-7_4V-1500mAh-p-1046285.html?p=4T181370308054202203&custlinkid=1794846
1089389,"Banggood 1/32 2.4G Racing Multilayer in Parallel Operate USB Charging Edition Formula RC Car Indoor Toys",https://imgaz.staticbg.com/thumb/gallery/oaupload/banggood/images/76/DF/5397efc4-4de7-4b4c-a373-f6a25fb25791.jpg,https://www.banggood.com/Banggood-1-or-32-2_4G-Racing-Multilayer-in-Parallel-Operate-USB-Charging-Edition-Formula-RC-Car-Indoor-Toys-reviews-p1089389.html,US$18.89,US$1.32,https://www.banggood.com/Banggood-1-or-32-2_4G-Racing-Multilayer-in-Parallel-Operate-USB-Charging-Edition-Formula-RC-Car-Indoor-Toys-p-1089389.html?p=4T181370308054202203&custlinkid=1794847
1291833,"WPL C24 1/16 RTR 4WD 2.4G Military Truck Crawler Off Road RC Car 2CH Toy",https://imgaz2.staticbg.com/thumb/gallery/oaupload/banggood/images/6C/33/10117063-65ec-4a5a-aa94-d5e5d6119cea.jpg,https://www.banggood.com/WPL-C24-1-or-16-RTR-4WD-2_4G-Military-Truck-Crawler-Off-Road-RC-Car-2CH-Toy-reviews-p1291833.html,US$63.51,US$4.45,https://www.banggood.com/WPL-C24-1-or-16-RTR-4WD-2_4G-Military-Truck-Crawler-Off-Road-RC-Car-2CH-Toy-p-1291833.html?p=4T181370308054202203&custlinkid=1794848
1564051,"Wltoys 144001 1/14 2.4G 4WD High Speed Racing RC Car Vehicle Models 60km/h",https://imgaz3.staticbg.com/thumb/gallery/oaupload/ser1/banggood/images/2F/1A/17f903df-f084-4163-9680-ded958ba14a7.jpg,https://www.banggood.com/Wltoys-144001-1-or-14-2_4G-4WD-High-Speed-Racing-RC-Car-Vehicle-Models-60km-or-h-reviews-p1564051.html,US$93.99,US$6.58,https://www.banggood.com/Wltoys-144001-1-or-14-2_4G-4WD-High-Speed-Racing-RC-Car-Vehicle-Models-60km-or-h-p-1564051.html?p=4T181370308054202203&custlinkid=1794849
1588753,"Wltoys 144001 1/14 2.4G 4WD High Speed Racing RC Car Vehicle Models 60km/h 7.4v 1500mah Two or Three Battery",https://imgaz3.staticbg.com/thumb/gallery/oaupload/ser1/banggood/images/58/CF/72f73973-140d-4d7b-9630-c305d9926327.jpg,https://www.banggood.com/Wltoys-144001-1-or-14-2_4G-4WD-High-Speed-Racing-RC-Car-Vehicle-Models-60km-or-h-7_4v-1500mah-Two-or-Three-Battery-reviews-p1588753.html,"US$110.99 ~ US$122.99",US$7.77,https://www.banggood.com/Wltoys-144001-1-or-14-2_4G-4WD-High-Speed-Racing-RC-Car-Vehicle-Models-60km-or-h-7_4v-1500mah-Two-or-Three-Battery-p-1588753.html?p=4T181370308054202203&custlinkid=1794850
1607875,"SG 1602 2.4G 1/16 Brushless RC Car High Speed 45km/h Vehicle Models",https://imgaz2.staticbg.com/thumb/gallery/oaupload/banggood/images/19/17/08320b92-c6f1-48da-8daf-3c28ffb43bd5.jpg,https://www.banggood.com/SG-1602-2_4G-1-or-16-Brushless-RC-Car-High-Speed-45km-or-h-Vehicle-Models-reviews-p1607875.html,US$87.99,US$6.16,https://www.banggood.com/SG-1602-2_4G-1-or-16-Brushless-RC-Car-High-Speed-45km-or-h-Vehicle-Models-p-1607875.html?p=4T181370308054202203&custlinkid=1794851
1611391,"Eachine EAT04 1/12 2.4G 4WD RC Car Metal Body Shell Desert Off-road Truck 7.4V 1500mAH RTR Toy Black",https://imgaz2.staticbg.com/thumb/gallery/oaupload/ser1/banggood/images/E7/18/72c3f376-3597-4fb4-b93b-d7d5a40813ba.JPG,https://www.banggood.com/Eachine-EAT04-1-or-12-2_4G-4WD-RC-Car-Metal-Body-Shell-Desert-Off-road-Truck-7_4V-1500mAH-RTR-Toy-Black-reviews-p1611391.html,"US$95.99 ~ US$125.99",US$6.79,https://www.banggood.com/Eachine-EAT04-1-or-12-2_4G-4WD-RC-Car-Metal-Body-Shell-Desert-Off-road-Truck-7_4V-1500mAH-RTR-Toy-Black-p-1611391.html?p=4T181370308054202203&custlinkid=1794852
1653662,"XLF X03 1/10 2.4G 4WD 60km/h Brushless RC Car Model Electric Off-Road RTR Vehicles",https://imgaz.staticbg.com/thumb/gallery/oaupload/banggood/images/F7/64/2e4c739a-c5da-4a38-a216-4da2820409c6.jpg,https://www.banggood.com/XLF-X03-1-or-10-2_4G-4WD-60km-or-h-Brushless-RC-Car-Model-Electric-Off-Road-RTR-Vehicles-reviews-p1653662.html,US$165.15,US$11.56,https://www.banggood.com/XLF-X03-1-or-10-2_4G-4WD-60km-or-h-Brushless-RC-Car-Model-Electric-Off-Road-RTR-Vehicles-p-1653662.html?p=4T181370308054202203&custlinkid=1794853
1684268,"Wltoys 144001 1/14 2.4G 4WD High Speed Racing RC Car Vehicle Models 60km/h Two Battery 7.4V 2600mAh",https://imgaz.staticbg.com/thumb/gallery/oaupload/banggood/images/81/A7/84208453-221d-4259-a0f2-547bca6774a8.jpg,https://www.banggood.com/Wltoys-144001-1-or-14-2_4G-4WD-High-Speed-Racing-RC-Car-Vehicle-Models-60km-or-h-Two-Battery-7_4V-2600mAh-reviews-p1684268.html,"US$145.99 ~ US$157.99",US$10.22,https://www.banggood.com/Wltoys-144001-1-or-14-2_4G-4WD-High-Speed-Racing-RC-Car-Vehicle-Models-60km-or-h-Two-Battery-7_4V-2600mAh-p-1684268.html?p=4T181370308054202203&custlinkid=1794854
1684281,"Wltoys 144001 1/14 2.4G 4WD High Speed RC Drift Cars Off Road Fast RC Cars Vehicle Electric Models 60km/h Upgraded Battery 7.4v 2600mah",https://imgaz1.staticbg.com/thumb/gallery/oaupload/banggood/images/65/49/9ab32f7b-d44e-433e-8444-6e8cd2e0c826.jpg,https://www.banggood.com/Wltoys-144001-1-or-14-2_4G-4WD-High-Speed-RC-Drift-Cars-Off-Road-Fast-RC-Cars-Vehicle-Electric-Models-60km-or-h-Upgraded-Battery-7_4v-2600mah-reviews-p1684281.html,US$95.99,US$6.72,https://www.banggood.com/Wltoys-144001-1-or-14-2_4G-4WD-High-Speed-RC-Drift-Cars-Off-Road-Fast-RC-Cars-Vehicle-Electric-Models-60km-or-h-Upgraded-Battery-7_4v-2600mah-p-1684281.html?p=4T181370308054202203&custlinkid=1794855
1694748,"WLtoys 12427 2.4G 1/12 4WD Crawler RC Car With LED Light Two Battery 7.4V 1500mAh",https://imgaz2.staticbg.com/thumb/gallery/oaupload/banggood/images/84/B4/007e9fda-00c3-4244-9eed-75b3707226f0.jpg,https://www.banggood.com/WLtoys-12427-2_4G-1-or-12-4WD-Crawler-RC-Car-With-LED-Light-Two-Battery-7_4V-1500mAh-reviews-p1694748.html,US$125.49,US$8.78,https://www.banggood.com/WLtoys-12427-2_4G-1-or-12-4WD-Crawler-RC-Car-With-LED-Light-Two-Battery-7_4V-1500mAh-p-1694748.html?p=4T181370308054202203&custlinkid=1794856
1697781,"1/24 2.4G 4WD Drift RC Car On-Road Vehicles RTR Model",https://imgaz3.staticbg.com/thumb/gallery/oaupload/banggood/images/69/97/3b0f0dae-b37c-486a-957e-f7744bd5194a.jpg,https://www.banggood.com/1-or-24-2_4G-4WD-Drift-RC-Car-On-Road-Vehicles-RTR-Model-reviews-p1697781.html,US$37.79,US$2.65,https://www.banggood.com/1-or-24-2_4G-4WD-Drift-RC-Car-On-Road-Vehicles-RTR-Model-p-1697781.html?p=4T181370308054202203&custlinkid=1794857
1705877,"Wltoys K969 1/28 2.4G 4WD Brushed RC Car Drift Car Two Battery 7.4V 400mAh",https://imgaz.staticbg.com/thumb/gallery/oaupload/banggood/images/89/C4/707b4825-5f94-4f39-a0da-1e2e7e8148c2.jpg,https://www.banggood.com/Wltoys-K969-1-or-28-2_4G-4WD-Brushed-RC-Car-Drift-Car-Two-Battery-7_4V-400mAh-reviews-p1705877.html,US$86.59,US$6.06,https://www.banggood.com/Wltoys-K969-1-or-28-2_4G-4WD-Brushed-RC-Car-Drift-Car-Two-Battery-7_4V-400mAh-p-1705877.html?p=4T181370308054202203&custlinkid=1794858
1710589,"WPL C24 1/16 2.4G 4WD Crawler Truck RC Car Full Proportional Control RTR",https://imgaz.staticbg.com/thumb/gallery/oaupload/banggood/images/04/BC/915e1f10-1bbb-41d6-8681-f265826760ee.jpg,https://www.banggood.com/WPL-C24-1-or-16-2_4G-4WD-Crawler-Truck-RC-Car-Full-Proportional-Control-RTR-reviews-p1710589.html,US$53.99,US$3.78,https://www.banggood.com/WPL-C24-1-or-16-2_4G-4WD-Crawler-Truck-RC-Car-Full-Proportional-Control-RTR-p-1710589.html?p=4T181370308054202203&custlinkid=1794859
1712772,"HS 18323 1/18 2.4G 4WD 36km/h RC Car Model Proportional Control Big Foot Off Road Truck RTR Vehicle",https://imgaz3.staticbg.com/thumb/gallery/oaupload/banggood/images/F8/2F/d10f0a18-a70a-4382-8152-68989cc36375.jpg,https://www.banggood.com/HS-18323-1-or-18-2_4G-4WD-36km-or-h-RC-Car-Model-Proportional-Control-Big-Foot-Off-Road-Truck-RTR-Vehicle-reviews-p1712772.html,US$51.99,US$3.64,https://www.banggood.com/HS-18323-1-or-18-2_4G-4WD-36km-or-h-RC-Car-Model-Proportional-Control-Big-Foot-Off-Road-Truck-RTR-Vehicle-p-1712772.html?p=4T181370308054202203&custlinkid=1794860
1720320,"WPL D12 1/10 2.4G 2WD Military Truck Crawler Off Road RC Car Vehicle Models Toy",https://imgaz1.staticbg.com/thumb/gallery/oaupload/banggood/images/D4/D4/5453a41c-8c10-4468-afc5-13038b9ed852.jpg,https://www.banggood.com/WPL-D12-1-or-10-2_4G-2WD-Military-Truck-Crawler-Off-Road-RC-Car-Vehicle-Models-Toy-reviews-p1720320.html,US$50.99,US$3.57,https://www.banggood.com/WPL-D12-1-or-10-2_4G-2WD-Military-Truck-Crawler-Off-Road-RC-Car-Vehicle-Models-Toy-p-1720320.html?p=4T181370308054202203&custlinkid=1794861
1741375,"Eachine EAT08 1/14 All Terrain RC Car RTR Electric Vehicle with 2.4 GHz Remote Control LED Lights and Several Rechargeable Batteries Off Road RC Crawler 20+ Min Play Great Gifts for Boys Kids and Adults",https://imgaz3.staticbg.com/thumb/gallery/oaupload/banggood/images/54/8A/7e8cf6a1-025c-4ff3-ae54-692aef0a5578.jpg,https://www.banggood.com/Eachine-EAT08-1-or-14-All-Terrain-RC-Car-RTR-Electric-Vehicle-with-2_4-GHz-Remote-Control-LED-Lights-and-Several-Rechargeable-Batteries-Off-Road-RC-Crawler-20+-Min-Play-Great-Gifts-for-Boys-Kids-and-Adults-reviews-p1741375.html,"US$28.99 ~ US$32.99",US$2.03,https://www.banggood.com/Eachine-EAT08-1-or-14-All-Terrain-RC-Car-RTR-Electric-Vehicle-with-2_4-GHz-Remote-Control-LED-Lights-and-Several-Rechargeable-Batteries-Off-Road-RC-Crawler-20+-Min-Play-Great-Gifts-for-Boys-Kids-and-Adults-p-1741375.html?p=4T181370308054202203&custlinkid=1794862
1756976,"DGF1 1/10 RC Car Frame W/ Carbon Fiber Sponge Tire Kit For Racing Drift Car Without Battery Transmitter",https://imgaz.staticbg.com/thumb/gallery/oaupload/banggood/images/DA/F8/ca434e6d-0cc8-45ad-aa7e-539e8fc61236.jpg,https://www.banggood.com/DGF1-1-or-10-RC-Car-Frame-W-or-Carbon-Fiber-Sponge-Tire-Kit-For-Racing-Drift-Car-Without-Battery-Transmitter-reviews-p1756976.html,"US$149.99 ~ US$161.99",US$10.5,https://www.banggood.com/DGF1-1-or-10-RC-Car-Frame-W-or-Carbon-Fiber-Sponge-Tire-Kit-For-Racing-Drift-Car-Without-Battery-Transmitter-p-1756976.html?p=4T181370308054202203&custlinkid=1794863
1757087,"Wltoys 124018 RTR 1/12 2.4G 4WD 60km/h Metal Chassis RC Car Off-Road Truck 2200mAh Vehicles Models Kids Toys",https://imgaz2.staticbg.com/thumb/gallery/oaupload/banggood/images/2F/A8/1df87eae-34ef-4fdc-9194-39906383cf2b.jpg,https://www.banggood.com/Wltoys-124018-RTR-1-or-12-2_4G-4WD-60km-or-h-Metal-Chassis-RC-Car-Off-Road-Truck-2200mAh-Vehicles-Models-Kids-Toys-reviews-p1757087.html,US$161.69,US$11.32,https://www.banggood.com/Wltoys-124018-RTR-1-or-12-2_4G-4WD-60km-or-h-Metal-Chassis-RC-Car-Off-Road-Truck-2200mAh-Vehicles-Models-Kids-Toys-p-1757087.html?p=4T181370308054202203&custlinkid=1794864
1757187,"Wltoys 124019 RTR 1/12 2.4G 4WD 60km/h Metal Chassis RC Car Off-Road Vehicles 2200mAh Models Kids Toys",https://imgaz.staticbg.com/thumb/gallery/oaupload/banggood/images/FE/55/6254fe0a-66cb-4965-9934-c26343c3a38d.jpg,https://www.banggood.com/Wltoys-124019-RTR-1-or-12-2_4G-4WD-60km-or-h-Metal-Chassis-RC-Car-Off-Road-Vehicles-2200mAh-Models-Kids-Toys-reviews-p1757187.html,US$132.99,US$9.31,https://www.banggood.com/Wltoys-124019-RTR-1-or-12-2_4G-4WD-60km-or-h-Metal-Chassis-RC-Car-Off-Road-Vehicles-2200mAh-Models-Kids-Toys-p-1757187.html?p=4T181370308054202203&custlinkid=1794865
1765764,"Eachine EAT09 1/22 2.4G Remote Control Car Toy with Several Batteries High Speed 15-20 Km/h RC Off Road Crawler All Terrains 50+ Min Play Time RC Vehicle Electric Toy Car for Kids and Beginners",https://imgaz2.staticbg.com/thumb/gallery/oaupload/banggood/images/67/8C/36db7607-6e62-405b-8f83-9dff90976acc.jpg,https://www.banggood.com/Eachine-EAT09-1-or-22-2_4G-Remote-Control-Car-Toy-with-Several-Batteries-High-Speed-15-20-Km-or-h-RC-Off-Road-Crawler-All-Terrains-50+-Min-Play-Time-RC-Vehicle-Electric-Toy-Car-for-Kids-and-Beginners-reviews-p1765764.html,"US$28.99 ~ US$33.99",US$1.54,https://www.banggood.com/Eachine-EAT09-1-or-22-2_4G-Remote-Control-Car-Toy-with-Several-Batteries-High-Speed-15-20-Km-or-h-RC-Off-Road-Crawler-All-Terrains-50+-Min-Play-Time-RC-Vehicle-Electric-Toy-Car-for-Kids-and-Beginners-p-1765764.html?p=4T181370308054202203&custlinkid=1794866
1766600,"Wltoys 124019 Several 2200mAh Battery RTR 1/12 2.4G 4WD 60km/h Metal Chassis RC Car Vehicles Models Kids Toys",https://imgaz3.staticbg.com/thumb/gallery/oaupload/banggood/images/B1/BE/46e1a0f5-2a72-4f51-9663-1eaec0432f75.png,https://www.banggood.com/Wltoys-124019-Several-2200mAh-Battery-RTR-1-or-12-2_4G-4WD-60km-or-h-Metal-Chassis-RC-Car-Vehicles-Models-Kids-Toys-reviews-p1766600.html,"US$154.99 ~ US$164.49",US$12.53,https://www.banggood.com/Wltoys-124019-Several-2200mAh-Battery-RTR-1-or-12-2_4G-4WD-60km-or-h-Metal-Chassis-RC-Car-Vehicles-Models-Kids-Toys-p-1766600.html?p=4T181370308054202203&custlinkid=1794867
1779809,"Wltoys 124018 Several 2200mAh Battery RTR 1/12 2.4G 4WD 60km/h Metal Chassis RC Car Vehicles Models Kids Toys",https://imgaz1.staticbg.com/thumb/gallery/oaupload/banggood/images/00/A5/b8af8ac7-e467-4bae-ae5e-4d0e3104f31a.png,https://www.banggood.com/Wltoys-124018-Several-2200mAh-Battery-RTR-1-or-12-2_4G-4WD-60km-or-h-Metal-Chassis-RC-Car-Vehicles-Models-Kids-Toys-reviews-p1779809.html,"US$114.99 ~ US$124.99",US$12.53,https://www.banggood.com/Wltoys-124018-Several-2200mAh-Battery-RTR-1-or-12-2_4G-4WD-60km-or-h-Metal-Chassis-RC-Car-Vehicles-Models-Kids-Toys-p-1779809.html?p=4T181370308054202203&custlinkid=1794868
1787975,"EACHINE EC10 Stunt RC Car Double Sided 360° Rotation and Flip Remote Control Electric Drift RC Car High Speed Autos For Adults Kid",https://imgaz2.staticbg.com/thumb/gallery/oaupload/banggood/images/EA/1B/a6e8cc39-2ab8-4350-aefc-8feacddd6720.jpg,https://www.banggood.com/EACHINE-EC10-Stunt-RC-Car-Double-Sided-360-Rotation-and-Flip-Remote-Control-Electric-Drift-RC-Car-High-Speed-Autos-For-Adults-Kid-reviews-p1787975.html,"US$49.99 ~ US$52.99",US$1.61,https://www.banggood.com/EACHINE-EC10-Stunt-RC-Car-Double-Sided-360-Rotation-and-Flip-Remote-Control-Electric-Drift-RC-Car-High-Speed-Autos-For-Adults-Kid-p-1787975.html?p=4T181370308054202203&custlinkid=1794869
1791887,"SG 1603 RTR Several Battery 1/16 2.4G 4WD 30km/h RC Car LED Light Drift On-Road Proportional Vehicles Model",https://imgaz3.staticbg.com/thumb/gallery/oaupload/banggood/images/40/D0/4ad9cdc1-0792-42eb-af59-c035ee52f1c1.jpg,https://www.banggood.com/SG-1603-RTR-Several-Battery-1-or-16-2_4G-4WD-30km-or-h-RC-Car-LED-Light-Drift-On-Road-Proportional-Vehicles-Model-reviews-p1791887.html,"US$79.99 ~ US$87.99",US$9.14,https://www.banggood.com/SG-1603-RTR-Several-Battery-1-or-16-2_4G-4WD-30km-or-h-RC-Car-LED-Light-Drift-On-Road-Proportional-Vehicles-Model-p-1791887.html?p=4T181370308054202203&custlinkid=1794870
1820875,"Eachine EAT13 1/20 RC Car 2.4G 25km/h High Speed RTR Off-Road RC Vehicle Toy for Kids and Beginners",https://imgaz1.staticbg.com/thumb/gallery/oaupload/banggood/images/38/E7/1b408cb7-c433-45df-895c-f5f5b5e8dc51.jpg,https://www.banggood.com/Eachine-EAT13-1-or-20-RC-Car-2_4G-25km-or-h-High-Speed-RTR-Off-Road-RC-Vehicle-Toy-for-Kids-and-Beginners-reviews-p1820875.html,"US$18.19 ~ US$23.19",US$1.33,https://www.banggood.com/Eachine-EAT13-1-or-20-RC-Car-2_4G-25km-or-h-High-Speed-RTR-Off-Road-RC-Vehicle-Toy-for-Kids-and-Beginners-p-1820875.html?p=4T181370308054202203&custlinkid=1794871
1820883,"Eachine EAT13 1/20 RC Car with Two Batteries 2.4G 25km/h High Speed RTR Off-Road RC Vehicle Toy for Kids and Beginners",https://imgaz.staticbg.com/thumb/gallery/oaupload/banggood/images/3F/20/927bd23e-01a2-4ee2-aa2a-3e576fa31dd4.jpg,https://www.banggood.com/Eachine-EAT13-1-or-20-RC-Car-with-Two-Batteries-2_4G-25km-or-h-High-Speed-RTR-Off-Road-RC-Vehicle-Toy-for-Kids-and-Beginners-reviews-p1820883.html,US$39.99,US$2.8,https://www.banggood.com/Eachine-EAT13-1-or-20-RC-Car-with-Two-Batteries-2_4G-25km-or-h-High-Speed-RTR-Off-Road-RC-Vehicle-Toy-for-Kids-and-Beginners-p-1820883.html?p=4T181370308054202203&custlinkid=1794872
1822284,"Wltoys 124019 RTR Upgraded 7.4V 2600mAh 2.4G 4WD 60km/h Metal Chassis RC Car Vehicles Models Toys",https://imgaz.staticbg.com/thumb/gallery/oaupload/banggood/images/C0/D1/ecc0fb4a-068b-4165-8d6b-59e6b0d5afdc.jpg,https://www.banggood.com/Wltoys-124019-RTR-Upgraded-7_4V-2600mAh-2_4G-4WD-60km-or-h-Metal-Chassis-RC-Car-Vehicles-Models-Toys-reviews-p1822284.html,US$116.99,US$8.19,https://www.banggood.com/Wltoys-124019-RTR-Upgraded-7_4V-2600mAh-2_4G-4WD-60km-or-h-Metal-Chassis-RC-Car-Vehicles-Models-Toys-p-1822284.html?p=4T181370308054202203&custlinkid=1794873
1833937,"RGT 136100V3 Rock Cruiser 1/10 RC Car with 2.4G Remote Control 4WD 4CH Off-Road Waterproof RC Vehicle Model Crawler with LED Headlight Suitable for RC Model Car Beginners and Enthusiasts",https://imgaz1.staticbg.com/thumb/gallery/oaupload/banggood/images/E8/0B/8d45c793-baf2-4b2e-bfd2-888ba3524ad2.jpg,https://www.banggood.com/RGT-136100V3-Rock-Cruiser-1-or-10-RC-Car-with-2_4G-Remote-Control-4WD-4CH-Off-Road-Waterproof-RC-Vehicle-Model-Crawler-with-LED-Headlight-Suitable-for-RC-Model-Car-Beginners-and-Enthusiasts-reviews-p1833937.html,"US$13.99 ~ US$222.99",US$0.98,https://www.banggood.com/RGT-136100V3-Rock-Cruiser-1-or-10-RC-Car-with-2_4G-Remote-Control-4WD-4CH-Off-Road-Waterproof-RC-Vehicle-Model-Crawler-with-LED-Headlight-Suitable-for-RC-Model-Car-Beginners-and-Enthusiasts-p-1833937.html?p=4T181370308054202203&custlinkid=1794874
1834343,"JY68 1/12 2.4G 4WD High Speed RC Car Vehicle Models 40km/h 7.4V 1500mAh Two Battery",https://imgaz1.staticbg.com/thumb/gallery/oaupload/banggood/images/60/B6/1f5e05fb-dc50-497f-b2e5-c2dae639f75d.jpg,https://www.banggood.com/JY68-1-or-12-2_4G-4WD-High-Speed-RC-Car-Vehicle-Models-40km-or-h-7_4V-1500mAh-Two-Battery-reviews-p1834343.html,US$65.99,US$4.62,https://www.banggood.com/JY68-1-or-12-2_4G-4WD-High-Speed-RC-Car-Vehicle-Models-40km-or-h-7_4V-1500mAh-Two-Battery-p-1834343.html?p=4T181370308054202203&custlinkid=1794875
1835356,"HBX 2188A 1/18 2.4G 4WD RC Car Drift RTR Vehicle Models Full Propotional Control",https://imgaz2.staticbg.com/thumb/gallery/oaupload/banggood/images/66/F1/bafa59fb-8b00-42a9-b992-b27a3a9dd655.jpg,https://www.banggood.com/HBX-2188A-1-or-18-2_4G-4WD-RC-Car-Drift-RTR-Vehicle-Models-Full-Propotional-Control-reviews-p1835356.html,US$65.99,US$4.62,https://www.banggood.com/HBX-2188A-1-or-18-2_4G-4WD-RC-Car-Drift-RTR-Vehicle-Models-Full-Propotional-Control-p-1835356.html?p=4T181370308054202203&custlinkid=1794876
1837691,"SG 1603 RTR Brushless 60km/h Several Battery 1/16 2.4G 4WD RC Car LED Light Proportional Vehicles Model",https://imgaz1.staticbg.com/thumb/gallery/oaupload/banggood/images/B2/83/7830751d-b4d3-4ac9-9acf-f241e16094f2.jpg,https://www.banggood.com/SG-1603-RTR-Brushless-60km-or-h-Several-Battery-1-or-16-2_4G-4WD-RC-Car-LED-Light-Proportional-Vehicles-Model-reviews-p1837691.html,"US$136.99 ~ US$142.99",US$11.08,https://www.banggood.com/SG-1603-RTR-Brushless-60km-or-h-Several-Battery-1-or-16-2_4G-4WD-RC-Car-LED-Light-Proportional-Vehicles-Model-p-1837691.html?p=4T181370308054202203&custlinkid=1794877
1837696,"SG 1604 RTR Brushless 60km/h Several Battery 1/16 2.4G 4WD RC Car LED Light Drift Proportional Vehicles Model",https://imgaz2.staticbg.com/thumb/gallery/oaupload/banggood/images/45/6A/7a28e828-79d1-462e-94ad-6e5cbb1554cb.jpg,https://www.banggood.com/SG-1604-RTR-Brushless-60km-or-h-Several-Battery-1-or-16-2_4G-4WD-RC-Car-LED-Light-Drift-Proportional-Vehicles-Model-reviews-p1837696.html,"US$115.99 ~ US$121.99",US$10.19,https://www.banggood.com/SG-1604-RTR-Brushless-60km-or-h-Several-Battery-1-or-16-2_4G-4WD-RC-Car-LED-Light-Drift-Proportional-Vehicles-Model-p-1837696.html?p=4T181370308054202203&custlinkid=1794878
1850189,"Turbo Racing Without Transmitter 1/76 2.4G Fully Proportional Mini RC Car LED Light Vehicles Model Kids Toys",https://imgaz.staticbg.com/thumb/gallery/oaupload/banggood/images/39/CF/6a71f12f-2bad-4ee7-b202-3071cbeb8d9a.jpg,https://www.banggood.com/Turbo-Racing-Without-Transmitter-1-or-76-2_4G-Fully-Proportional-Mini-RC-Car-LED-Light-Vehicles-Model-Kids-Toys-reviews-p1850189.html,US$51.86,US$3.63,https://www.banggood.com/Turbo-Racing-Without-Transmitter-1-or-76-2_4G-Fully-Proportional-Mini-RC-Car-LED-Light-Vehicles-Model-Kids-Toys-p-1850189.html?p=4T181370308054202203&custlinkid=1794879
1851850,"Turbo Racing C71 RTR 1/76 2.4G RWD Mini RC Car Sports Vehicles LED Lights Full Proportional Toys On-Road Models",https://imgaz1.staticbg.com/thumb/gallery/oaupload/banggood/images/4F/A2/33a8ce7c-6b0b-4a38-97ae-378b928639b6.jpg,https://www.banggood.com/Turbo-Racing-C71-RTR-1-or-76-2_4G-RWD-Mini-RC-Car-Sports-Vehicles-LED-Lights-Full-Proportional-Toys-On-Road-Models-reviews-p1851850.html,US$85.99,US$6.02,https://www.banggood.com/Turbo-Racing-C71-RTR-1-or-76-2_4G-RWD-Mini-RC-Car-Sports-Vehicles-LED-Lights-Full-Proportional-Toys-On-Road-Models-p-1851850.html?p=4T181370308054202203&custlinkid=1794880
1866160,"HBX 16886 1/14 4WD 2.4G RC Car Off Road Desert Truck Brushed Vehicle Models Full Proportional Control",https://imgaz1.staticbg.com/thumb/gallery/oaupload/banggood/images/6E/7A/c6e0766f-a7d9-4ece-93fa-77dd0de1cca0.jpg,https://www.banggood.com/HBX-16886-1-or-14-4WD-2_4G-RC-Car-Off-Road-Desert-Truck-Brushed-Vehicle-Models-Full-Proportional-Control-reviews-p1866160.html,US$76.99,US$5.39,https://www.banggood.com/HBX-16886-1-or-14-4WD-2_4G-RC-Car-Off-Road-Desert-Truck-Brushed-Vehicle-Models-Full-Proportional-Control-p-1866160.html?p=4T181370308054202203&custlinkid=1794881
1869089,"Bonzai 141600 1/14 Racing RC Car 2.4G 4WD 4CH High Speed 40km/h All Terrain Full Proportional RTR RC Vehicle Model Off Road Car For Teens Adults Two Batteries",https://imgaz3.staticbg.com/thumb/gallery/oaupload/banggood/images/0B/8D/7944e8f8-c402-4ec2-9e5b-d1cce37b96b5.jpg,https://www.banggood.com/Bonzai-141600-1-or-14-Racing-RC-Car-2_4G-4WD-4CH-High-Speed-40km-or-h-All-Terrain-Full-Proportional-RTR-RC-Vehicle-Model-Off-Road-Car-For-Teens-Adults-Two-Batteries-reviews-p1869089.html,US$104.39,US$7.31,https://www.banggood.com/Bonzai-141600-1-or-14-Racing-RC-Car-2_4G-4WD-4CH-High-Speed-40km-or-h-All-Terrain-Full-Proportional-RTR-RC-Vehicle-Model-Off-Road-Car-For-Teens-Adults-Two-Batteries-p-1869089.html?p=4T181370308054202203&custlinkid=1794882
1871731,"Wltoys 124017 Brushless New Upgraded 4300KV Motor 0.7M 19T RTR 1/12 2.4G 4WD 70km/h RC Car Vehicles Metal Chassis Models Toys Only CN V2",https://imgaz1.staticbg.com/thumb/gallery/oaupload/banggood/images/8F/4C/9ccd1fdd-5ccd-49ac-9e57-559d75bf5693.jpg,https://www.banggood.com/Wltoys-124017-Brushless-New-Upgraded-4300KV-Motor-0_7M-19T-RTR-1-or-12-2_4G-4WD-70km-or-h-RC-Car-Vehicles-Metal-Chassis-Models-Toys-Only-CN-V2-reviews-p1871731.html,US$147.99,US$10.36,https://www.banggood.com/Wltoys-124017-Brushless-New-Upgraded-4300KV-Motor-0_7M-19T-RTR-1-or-12-2_4G-4WD-70km-or-h-RC-Car-Vehicles-Metal-Chassis-Models-Toys-Only-CN-V2-p-1871731.html?p=4T181370308054202203&custlinkid=1794883
1874961,"Wltoys 124017 Brushless New Upgraded Several 2200mAh Battery RTR 1/12 2.4G 4WD 70km/h RC Car Vehicles Metal Chassis Models Toys Only CN V2",https://imgaz3.staticbg.com/thumb/gallery/oaupload/banggood/images/B6/90/3f207b6a-773d-4d62-9164-b3d764825ab1.png,https://www.banggood.com/Wltoys-124017-Brushless-New-Upgraded-Several-2200mAh-Battery-RTR-1-or-12-2_4G-4WD-70km-or-h-RC-Car-Vehicles-Metal-Chassis-Models-Toys-Only-CN-V2-reviews-p1874961.html,"US$152.99 ~ US$167.99",US$13.85,https://www.banggood.com/Wltoys-124017-Brushless-New-Upgraded-Several-2200mAh-Battery-RTR-1-or-12-2_4G-4WD-70km-or-h-RC-Car-Vehicles-Metal-Chassis-Models-Toys-Only-CN-V2-p-1874961.html?p=4T181370308054202203&custlinkid=1794884
1876495,"HBX 16889A Pro 1/16 2.4G 4WD Brushless High Speed RC Car Vehicle Models Full Propotional",https://imgaz1.staticbg.com/thumb/gallery/oaupload/banggood/images/FD/EC/362a98d6-d382-452f-8c9b-b6e85105b3e1.jpg,https://www.banggood.com/HBX-16889A-Pro-1-or-16-2_4G-4WD-Brushless-High-Speed-RC-Car-Vehicle-Models-Full-Propotional-reviews-p1876495.html,US$110.99,US$7.77,https://www.banggood.com/HBX-16889A-Pro-1-or-16-2_4G-4WD-Brushless-High-Speed-RC-Car-Vehicle-Models-Full-Propotional-p-1876495.html?p=4T181370308054202203&custlinkid=1794885
1876640,"Wltoys 104009 1/10 2.4G 4WD Brushed RC Car High Speed Vehicle Models Toy 45km/h",https://imgaz3.staticbg.com/thumb/gallery/oaupload/banggood/images/57/50/35800141-3655-4485-922e-349a98465610.jpg,https://www.banggood.com/Wltoys-104009-1-or-10-2_4G-4WD-Brushed-RC-Car-High-Speed-Vehicle-Models-Toy-45km-or-h-reviews-p1876640.html,US$130.99,US$9.17,https://www.banggood.com/Wltoys-104009-1-or-10-2_4G-4WD-Brushed-RC-Car-High-Speed-Vehicle-Models-Toy-45km-or-h-p-1876640.html?p=4T181370308054202203&custlinkid=1794886
1881375,"Wltoys 124016 1/12 4WD 2.4G RC Car Brushless Desert Truck Off-Road Vehicle Models High Speed 75km/h Metal Chassis Two Three Battery",https://imgaz1.staticbg.com/thumb/gallery/oaupload/banggood/images/31/9A/196b0177-1949-46f0-9891-2e7e1638d764.jpg,https://www.banggood.com/Wltoys-124016-1-or-12-4WD-2_4G-RC-Car-Brushless-Desert-Truck-Off-Road-Vehicle-Models-High-Speed-75km-or-h-Metal-Chassis-Two-Three-Battery-reviews-p1881375.html,"US$144.99 ~ US$164.99",US$11.43,https://www.banggood.com/Wltoys-124016-1-or-12-4WD-2_4G-RC-Car-Brushless-Desert-Truck-Off-Road-Vehicle-Models-High-Speed-75km-or-h-Metal-Chassis-Two-Three-Battery-p-1881375.html?p=4T181370308054202203&custlinkid=1794887
1883124,"Eachine EBT04 Several Battery RTR 2.4G 4CH 40km/h Brushless RC Boat Vechicles Models w/ Colorful Lights Water Cooling System",https://imgaz.staticbg.com/thumb/gallery/oaupload/banggood/images/9D/05/360c65a7-21fa-42b8-ad45-2271228418cd.jpg,https://www.banggood.com/Eachine-EBT04-Several-Battery-RTR-2_4G-4CH-40km-or-h-Brushless-RC-Boat-Vechicles-Models-w-or-Colorful-Lights-Water-Cooling-System-reviews-p1883124.html,"US$75.99 ~ US$83.99",US$6.3,https://www.banggood.com/Eachine-EBT04-Several-Battery-RTR-2_4G-4CH-40km-or-h-Brushless-RC-Boat-Vechicles-Models-w-or-Colorful-Lights-Water-Cooling-System-p-1883124.html?p=4T181370308054202203&custlinkid=1794888
1890369,"Eachine EC07 RC Car 2.4G 4CH Stunt Drift Deformation Remote Control Rock Crawler Roll Flip Kids Robot Auto Toy",https://imgaz.staticbg.com/thumb/gallery/oaupload/banggood/images/55/27/645e6a7d-a400-451e-aee6-e7289fcc65b2.jpg,https://www.banggood.com/Eachine-EC07-RC-Car-2_4G-4CH-Stunt-Drift-Deformation-Remote-Control-Rock-Crawler-Roll-Flip-Kids-Robot-Auto-Toy-reviews-p1890369.html,US$18.39,US$1.29,https://www.banggood.com/Eachine-EC07-RC-Car-2_4G-4CH-Stunt-Drift-Deformation-Remote-Control-Rock-Crawler-Roll-Flip-Kids-Robot-Auto-Toy-p-1890369.html?p=4T181370308054202203&custlinkid=1794889
1890403,"FLYHAL FC16 1/24 4WD Lateral Stunt RC Car With Spray With Two Batteries",https://imgaz.staticbg.com/thumb/gallery/oaupload/banggood/images/02/60/2ab63f0e-c800-4c2a-a62f-c4251301676b.jpg,https://www.banggood.com/FLYHAL-FC16-1-or-24-4WD-Lateral-Stunt-RC-Car-With-Spray-With-Two-Batteries-reviews-p1890403.html,US$17.99,US$1.26,https://www.banggood.com/FLYHAL-FC16-1-or-24-4WD-Lateral-Stunt-RC-Car-With-Spray-With-Two-Batteries-p-1890403.html?p=4T181370308054202203&custlinkid=1794890
1890788,"Eachine EC11 RC Car Remote Control Drift Auto 2.4G 4CH Stunt Drift Deformation Rock Crawler Roll Cars Flip Kids Robot Toy",https://imgaz1.staticbg.com/thumb/gallery/oaupload/banggood/images/AE/C3/54eb55db-0914-4139-88f8-e41a65d2f8de.jpeg,https://www.banggood.com/Eachine-EC11-RC-Car-Remote-Control-Drift-Auto-2_4G-4CH-Stunt-Drift-Deformation-Rock-Crawler-Roll-Cars-Flip-Kids-Robot-Toy-reviews-p1890788.html,US$10.99,US$0.77,https://www.banggood.com/Eachine-EC11-RC-Car-Remote-Control-Drift-Auto-2_4G-4CH-Stunt-Drift-Deformation-Rock-Crawler-Roll-Cars-Flip-Kids-Robot-Toy-p-1890788.html?p=4T181370308054202203&custlinkid=1794891
1891508,"Eachine EAT14 RTR 1/14 2.4G 4WD 75km/h Brushless RC Car Vehicles Metal Chassis Full Proportional Model Toys",https://imgaz.staticbg.com/thumb/gallery/oaupload/banggood/images/06/BD/9d3e8cbb-b273-461a-a44a-0c4db27e2540.jpg,https://www.banggood.com/Eachine-EAT14-RTR-1-or-14-2_4G-4WD-75km-or-h-Brushless-RC-Car-Vehicles-Metal-Chassis-Full-Proportional-Model-Toys-reviews-p1891508.html,US$167.99,US$11.76,https://www.banggood.com/Eachine-EAT14-RTR-1-or-14-2_4G-4WD-75km-or-h-Brushless-RC-Car-Vehicles-Metal-Chassis-Full-Proportional-Model-Toys-p-1891508.html?p=4T181370308054202203&custlinkid=1794892
1891731,"HBX 16889A Pro 1/16 2.4G 4WD Brushless High Speed RC Car Vehicle Models Full Propotional Two Three Battery",https://imgaz2.staticbg.com/thumb/gallery/oaupload/banggood/images/6D/8A/77b6cbf2-f8be-4346-aac5-f4123dd3ca7b.jpg,https://www.banggood.com/HBX-16889A-Pro-1-or-16-2_4G-4WD-Brushless-High-Speed-RC-Car-Vehicle-Models-Full-Propotional-Two-Three-Battery-reviews-p1891731.html,"US$123.78 ~ US$133.78",US$8.66,https://www.banggood.com/HBX-16889A-Pro-1-or-16-2_4G-4WD-Brushless-High-Speed-RC-Car-Vehicle-Models-Full-Propotional-Two-Three-Battery-p-1891731.html?p=4T181370308054202203&custlinkid=1794893
1893820,"HBX 901A RTR 1/12 2.4G 4WD 50km/h Brushless RC Cars Fast Off-Road LED Light Truck Models Toys",https://imgaz1.staticbg.com/thumb/gallery/oaupload/banggood/images/BB/5E/c3c74311-017b-46d5-824b-ff95d64f5613.jpg,https://www.banggood.com/HBX-901A-RTR-1-or-12-2_4G-4WD-50km-or-h-Brushless-RC-Cars-Fast-Off-Road-LED-Light-Truck-Models-Toys-reviews-p1893820.html,US$153.99,US$10.78,https://www.banggood.com/HBX-901A-RTR-1-or-12-2_4G-4WD-50km-or-h-Brushless-RC-Cars-Fast-Off-Road-LED-Light-Truck-Models-Toys-p-1893820.html?p=4T181370308054202203&custlinkid=1794894
1898593,"Wltoys 284131 1/28 2.4G 4WD Short Course Drift RC Car Vehicle Models With Light",https://imgaz1.staticbg.com/thumb/gallery/oaupload/banggood/images/20/57/34af7879-04a9-4553-8d32-82b61f3ebbc8.jpg,https://www.banggood.com/Wltoys-284131-1-or-28-2_4G-4WD-Short-Course-Drift-RC-Car-Vehicle-Models-With-Light-reviews-p1898593.html,US$58.99,US$4.13,https://www.banggood.com/Wltoys-284131-1-or-28-2_4G-4WD-Short-Course-Drift-RC-Car-Vehicle-Models-With-Light-p-1898593.html?p=4T181370308054202203&custlinkid=1794895
1902645,"Mini Remote Control High Speed Boat Led Light Palm Speed Boat Summer Water Toy Pool Toy",https://imgaz2.staticbg.com/thumb/gallery/oaupload/banggood/images/28/44/cb2ac7fe-7322-46a0-8613-f6f4d5a1b01b.jpg,https://www.banggood.com/Mini-Remote-Control-High-Speed-Boat-Led-Light-Palm-Speed-Boat-Summer-Water-Toy-Pool-Toy-reviews-p1902645.html,US$18.99,US$1.33,https://www.banggood.com/Mini-Remote-Control-High-Speed-Boat-Led-Light-Palm-Speed-Boat-Summer-Water-Toy-Pool-Toy-p-1902645.html?p=4T181370308054202203&custlinkid=1794896
1903657,"1pc HX889 2.4G 1/32 Mini Karting Off-road High Speed Racing RC Car Vehicle Models High Speed 30km/h",https://imgaz2.staticbg.com/thumb/gallery/oaupload/banggood/images/98/43/ba9618d9-1984-49f5-8563-31245a2dba59.jpg,https://www.banggood.com/1pc-HX889-2_4G-1-or-32-Mini-Karting-Off-road-High-Speed-Racing-RC-Car-Vehicle-Models-High-Speed-30km-or-h-reviews-p1903657.html,US$15.99,US$1.12,https://www.banggood.com/1pc-HX889-2_4G-1-or-32-Mini-Karting-Off-road-High-Speed-Racing-RC-Car-Vehicle-Models-High-Speed-30km-or-h-p-1903657.html?p=4T181370308054202203&custlinkid=1794897
1916058,"Flyhal FC610 RTR Two Battery 1/10 2.4G 4WD 46km/h RC Car Vehicles LED Lights Brushed Big Foot Truck Model Toys Kids Child Gifts",https://imgaz1.staticbg.com/thumb/gallery/oaupload/banggood/images/44/18/f00ff477-7c3f-4112-a1e9-693b097c39b5.jpg,https://www.banggood.com/Flyhal-FC610-RTR-Two-Battery-1-or-10-2_4G-4WD-46km-or-h-RC-Car-Vehicles-LED-Lights-Brushed-Big-Foot-Truck-Model-Toys-Kids-Child-Gifts-reviews-p1916058.html,US$85.99,US$6.02,https://www.banggood.com/Flyhal-FC610-RTR-Two-Battery-1-or-10-2_4G-4WD-46km-or-h-RC-Car-Vehicles-LED-Lights-Brushed-Big-Foot-Truck-Model-Toys-Kids-Child-Gifts-p-1916058.html?p=4T181370308054202203&custlinkid=1794898
1920417,"Turbo Racing C81 RTR 1/76 2.4G Big Foot Mini RC Cars Baby Monster Truck LED Lights Full Proportional Vehicles Models",https://imgaz.staticbg.com/thumb/gallery/oaupload/banggood/images/FF/A4/5295f649-670b-4111-8286-3a97bd64721c.jpg,https://www.banggood.com/Turbo-Racing-C81-RTR-1-or-76-2_4G-Big-Foot-Mini-RC-Cars-Baby-Monster-Truck-LED-Lights-Full-Proportional-Vehicles-Models-reviews-p1920417.html,US$80.99,US$5.67,https://www.banggood.com/Turbo-Racing-C81-RTR-1-or-76-2_4G-Big-Foot-Mini-RC-Cars-Baby-Monster-Truck-LED-Lights-Full-Proportional-Vehicles-Models-p-1920417.html?p=4T181370308054202203&custlinkid=1794899
1923193,"Diatone Q33 Karting RTR 1/76 2.4G Mini RC Car FPV Vehicles Full Proportional Control Off-Road Models Toys Kids Child Gift",https://imgaz1.staticbg.com/thumb/gallery/oaupload/banggood/images/AE/FF/21f69140-6c0c-43bf-99c7-a33d6260baea.jpg,https://www.banggood.com/Diatone-Q33-Karting-RTR-1-or-76-2_4G-Mini-RC-Car-FPV-Vehicles-Full-Proportional-Control-Off-Road-Models-Toys-Kids-Child-Gift-reviews-p1923193.html,US$79.99,US$5.6,https://www.banggood.com/Diatone-Q33-Karting-RTR-1-or-76-2_4G-Mini-RC-Car-FPV-Vehicles-Full-Proportional-Control-Off-Road-Models-Toys-Kids-Child-Gift-p-1923193.html?p=4T181370308054202203&custlinkid=1794900
1923195,"Diatone Q33 Karting RTR 1/76 2.4G Mini RC Car FPV Glasses Vehicles Full Proportional Control Off-Road Models Toys Kids Child Gift",https://imgaz3.staticbg.com/thumb/gallery/oaupload/banggood/images/6A/B3/5101cf23-5b16-4ec3-a63e-32f1c8bf0e48.jpg,https://www.banggood.com/Diatone-Q33-Karting-RTR-1-or-76-2_4G-Mini-RC-Car-FPV-Glasses-Vehicles-Full-Proportional-Control-Off-Road-Models-Toys-Kids-Child-Gift-reviews-p1923195.html,US$136.99,US$9.59,https://www.banggood.com/Diatone-Q33-Karting-RTR-1-or-76-2_4G-Mini-RC-Car-FPV-Glasses-Vehicles-Full-Proportional-Control-Off-Road-Models-Toys-Kids-Child-Gift-p-1923195.html?p=4T181370308054202203&custlinkid=1794901
1936513,"Flytec V009 2.4G 50km/h Turbine Driven Remote Control Jet Boat RTR Ship Model",https://imgaz.staticbg.com/thumb/gallery/oaupload/banggood/images/94/F5/27b76795-a66b-4ebd-a919-49a6d3df52c8.jpg,https://www.banggood.com/Flytec-V009-2_4G-50km-or-h-Turbine-Driven-Remote-Control-Jet-Boat-RTR-Ship-Model-reviews-p1936513.html,US$66.99,US$4.69,https://www.banggood.com/Flytec-V009-2_4G-50km-or-h-Turbine-Driven-Remote-Control-Jet-Boat-RTR-Ship-Model-p-1936513.html?p=4T181370308054202203&custlinkid=1794902
