Category Name,CategoryID,Product Name,ProductID,Product Image Url,allImageUrls(5<),Product Url,originalPrice($),salePrice($),Commission Rate,Out of Stock Date,Discount,Click url
Dolls & Stuffed Toys,200001725,Doll zippers mini zipper blyth doll clothes DIY handmade mini open tail  doll zippers doll coat zipper 10 colors,32756073932,https://ae01.alicdn.com/kf/HTB1uIolQXXXXXcLXXXXq6xXFXXXg/Doll-zippers-mini-zipper-blyth-doll-clothes-DIY-handmade-mini-open-tail-doll-zippers-doll-coat.jpg_220x220.jpg,"https://ae04.alicdn.com/kf/HTB1uIolQXXXXXcLXXXXq6xXFXXXg.jpg,",https://www.aliexpress.com/item/32756073932.html,11.00,10.12,8.00%,2098-12-31,8%,https://s.click.aliexpress.com/e/_9AUWG5
Dolls & Stuffed Toys,200001725,Otarddolls Handmade boy doll 45 CM 18 inch silicone reborn baby doll for girls toys Special Gift Doll Reborn Babies brinquedos,32849780891,https://ae01.alicdn.com/kf/HTB1WvQfnhrI8KJjy0Fpq6z5hVXai/Otarddolls-Handmade-boy-doll-45-CM-18-inch-silicone-reborn-baby-doll-for-girls-toys-Special.jpg_220x220.jpg,"https://ae04.alicdn.com/kf/HTB1WvQfnhrI8KJjy0Fpq6z5hVXai.jpg,https://ae04.alicdn.com/kf/HTB1VBEdnlDH8KJjSspnq6zNAVXac.jpg,https://ae04.alicdn.com/kf/HTB1J.LkngvD8KJjSsplq6yIEFXa8.jpg,https://ae04.alicdn.com/kf/HTB1_GDHnnnI8KJjSszgq6A8ApXaT.jpg,https://ae04.alicdn.com/kf/HTB15y_EndfJ8KJjy0Feq6xKEXXaM.jpg,",https://www.aliexpress.com/item/32849780891.html,95.99,52.79,8.00%,2098-12-31,45%,https://s.click.aliexpress.com/e/_AWbrvj
Dolls & Stuffed Toys,200001725,Doll House Furniture Diy Miniature Dust Cover 3D Wooden Miniaturas Dollhouse Toys for Children Birthday Gifts Kitten Diary H16,32762437865,https://ae01.alicdn.com/kf/HTB1XdK1QpXXXXbCaXXXq6xXFXXXS/Doll-House-Furniture-Diy-Miniature-Dust-Cover-3D-Wooden-Miniaturas-Dollhouse-Toys-for-Children-Birthday-Gifts.jpg_220x220.jpg,"https://ae04.alicdn.com/kf/HTB1XdK1QpXXXXbCaXXXq6xXFXXXS.jpg,https://ae04.alicdn.com/kf/HTB1UfK9QpXXXXa0XVXXq6xXFXXXp.jpg,https://ae04.alicdn.com/kf/HTB158W5QpXXXXcbXVXXq6xXFXXXb.jpg,https://ae04.alicdn.com/kf/HTB14BS6QpXXXXcQXVXXq6xXFXXXG.jpg,https://ae04.alicdn.com/kf/HTB1MzVjoYsTMeJjSsziq6AdwXXaJ.jpg,",https://www.aliexpress.com/item/32762437865.html,28.17,13.24,8.00%,2098-12-31,53%,https://s.click.aliexpress.com/e/_APphqV
Dolls & Stuffed Toys,200001725,55CM Baby Bebe Doll Reborn Simulation Baby Dolls Soft Silicone Reborn Toddler Baby Toys For Girls Child Birthday Christmas Gifts,32848989041,https://ae01.alicdn.com/kf/HTB1IBTAnh6I8KJjSszfq6yZVXXaE/55CM-Baby-Bebe-Doll-Reborn-Simulation-Baby-Dolls-Soft-Silicone-Reborn-Toddler-Baby-Toys-For-Girls.jpg_220x220.jpg,"https://ae04.alicdn.com/kf/HTB1IBTAnh6I8KJjSszfq6yZVXXaE.jpg,https://ae04.alicdn.com/kf/HTB1kxD9ncjI8KJjSsppq6xbyVXaX.jpg,https://ae04.alicdn.com/kf/HTB1VTsAngfH8KJjy1zcq6ATzpXab.jpg,https://ae04.alicdn.com/kf/HTB1a3k5nh6I8KJjy0Fgq6xXzVXar.jpg,https://ae04.alicdn.com/kf/HTB1EfkrnlDH8KJjy1zeq6xjepXaw.jpg,",https://www.aliexpress.com/item/32848989041.html,54.08,29.74,8.00%,2098-12-31,45%,https://s.click.aliexpress.com/e/_A8iyPb
Dolls & Stuffed Toys,200001725,OtardDolls New handmade Reborn Baby Doll Soft Silicone Vinyl Real Touch Newborn 22''/55cm princess bebe reborn girl toys bonecas,32850278283,https://ae01.alicdn.com/kf/HTB1zPMwnhPI8KJjSspoq6x6MFXak/OtardDolls-New-handmade-Reborn-Baby-Doll-Soft-Silicone-Vinyl-Real-Touch-Newborn-22-55cm-princess-bebe.jpg_220x220.jpg,"https://ae04.alicdn.com/kf/HTB1zPMwnhPI8KJjSspoq6x6MFXak.jpg,https://ae04.alicdn.com/kf/HTB1hQoSnnvI8KJjSspjq6AgjXXaj.jpg,https://ae04.alicdn.com/kf/HTB1stoQeFTM8KJjSZFlq6yO8FXa3.jpg,https://ae04.alicdn.com/kf/H624a6b6d0b87456a9d350b5a06298e340.jpg,https://ae04.alicdn.com/kf/Hddfceb34bb40432691e6a8c6767884b5l.jpg,",https://www.aliexpress.com/item/32850278283.html,106.19,53.09,8.00%,2098-12-31,50%,https://s.click.aliexpress.com/e/_A8CRa9
Dolls & Stuffed Toys,200001725,20 inch full vinyl dolls for girls toys silicone reborn  baby boy Doll 50 CM tiger toy-girl children's birthday gifts for mom,32849816010,https://ae01.alicdn.com/kf/HTB1oUQvd5MnBKNjSZFCq6x0KFXa5/20-inch-full-vinyl-dolls-for-girls-toys-silicone-reborn-baby-boy-Doll-50-CM-tiger.jpg_220x220.jpg,"https://ae04.alicdn.com/kf/HTB1oUQvd5MnBKNjSZFCq6x0KFXa5.jpg,https://ae04.alicdn.com/kf/HTB1C6LnnL9TBuNjy0Fcq6zeiFXaP.jpg,https://ae04.alicdn.com/kf/HTB1n1A_nStYBeNjSspaq6yOOFXad.jpg,https://ae04.alicdn.com/kf/HTB1dRIBd8jTBKNjSZFwq6AG4XXai.jpg,https://ae04.alicdn.com/kf/HTB1uXr1nKuSBuNjSsziq6zq8pXad.jpg,",https://www.aliexpress.com/item/32849816010.html,132.99,66.49,8.00%,2098-12-31,50%,https://s.click.aliexpress.com/e/_ArGn5b
Dolls & Stuffed Toys,200001725,Kawaii Doll High Quality Beautiful Dolls Plush Kids Toys For Children Girls Gifts,32839105333,https://ae01.alicdn.com/kf/HTB1xqRpbHYI8KJjy0Faq6zAiVXaV/Kawaii-Doll-High-Quality-Beautiful-Dolls-Plush-Kids-Toys-For-Children-Girls-Gifts.jpg_220x220.jpg,"https://ae04.alicdn.com/kf/HTB1xqRpbHYI8KJjy0Faq6zAiVXaV.jpg,https://ae04.alicdn.com/kf/HTB1fgNobJrJ8KJjSspaq6xuKpXaz.jpg,https://ae04.alicdn.com/kf/HTB1j4RfbJbJ8KJjy1zjq6yqapXan.jpg,https://ae04.alicdn.com/kf/HTB1IDhwbILJ8KJjy0Fnq6AFDpXaV.jpg,https://ae04.alicdn.com/kf/HTB1Q9VzbSfD8KJjSszhq6zIJFXay.jpg,",https://www.aliexpress.com/item/32839105333.html,16.80,16.80,10.00%,2098-12-31,0%,https://s.click.aliexpress.com/e/_ApAWmD
Dolls & Stuffed Toys,200001725,High Quality Super Kawaii BIG Plush Toy Soft Stuffed Animal Shape DOLL Toys Gifts For Baby,32840092677,https://ae01.alicdn.com/kf/HTB1ru7gXAfb_uJkSnaVq6xFmVXaz/High-Quality-Super-Kawaii-BIG-Plush-Toy-Soft-Stuffed-Animal-Shape-DOLL-Toys-Gifts-For-Baby.jpg_220x220.jpg,"https://ae04.alicdn.com/kf/HTB1ru7gXAfb_uJkSnaVq6xFmVXaz.jpg,https://ae04.alicdn.com/kf/HTB13RTKbILJ8KJjy0Fnq6AFDpXaX.jpg,https://ae04.alicdn.com/kf/HTB1SuZgXzgy_uJjSZSgq6zz0XXaz.jpg,https://ae04.alicdn.com/kf/HTB1aiYAbL2H8KJjy0Fcq6yDlFXa7.jpg,https://ae04.alicdn.com/kf/HTB16JnybInI8KJjSsziq6z8QpXaI.jpg,",https://www.aliexpress.com/item/32840092677.html,21.50,21.50,10.00%,2098-12-31,0%,https://s.click.aliexpress.com/e/_9xLG0N
Dolls & Stuffed Toys,200001725,57cm 2018 new arrival fashion boy dolls toy for kids 22inch  baby original silicone reborn baby toys dolls for /,32850454210,https://ae01.alicdn.com/kf/HTB13caAnv6H8KJjy0Fjq6yXepXa4/57cm-2018-new-arrival-fashion-boy-dolls-toy-for-kids-22inch-baby-original-silicone-reborn-baby.jpg_220x220.jpg,"https://ae04.alicdn.com/kf/HTB13caAnv6H8KJjy0Fjq6yXepXa4.jpg,https://ae04.alicdn.com/kf/HTB1rEWPnv6H8KJjSspmq6z2WXXas.jpg,https://ae04.alicdn.com/kf/HTB1SM4Ce2jM8KJjSZFyq6xdzVXap.jpg,https://ae04.alicdn.com/kf/HTB1QlhLnDnI8KJjSszgq6A8ApXad.jpg,https://ae04.alicdn.com/kf/HTB1icVqnxTI8KJjSspiq6zM4FXam.jpg,",https://www.aliexpress.com/item/32850454210.html,152.99,76.49,8.00%,2098-12-31,50%,https://s.click.aliexpress.com/e/_AclLd7
Dolls & Stuffed Toys,200001725,IVITA WG1512 36cm 1.65kg Full body silicone bebe reborn doll with 3 colors eye realistic girl baby toy for children with clothes,32584100479,https://ae01.alicdn.com/kf/H14b5ad322c044b20a00bb7b7110c9680R/IVITA-WG1512-36cm-1-65kg-Full-body-silicone-bebe-reborn-doll-with-3-colors-eye-realistic.jpg_220x220.jpg,"https://ae04.alicdn.com/kf/H14b5ad322c044b20a00bb7b7110c9680R.jpg,https://ae04.alicdn.com/kf/Hf7cc6955dfb1443fb7f75e6aa65360d8j.jpg,https://ae04.alicdn.com/kf/H23dcabeb79fd40c8af3db3493df7a48fG.jpg,https://ae04.alicdn.com/kf/H14b8d50099034f1a9b5930b3cc78980aZ.jpg,https://ae04.alicdn.com/kf/Hb26acd079f9f49f5b5a79bf5f9bb6736g.jpg,",https://www.aliexpress.com/item/32584100479.html,199.00,129.35,10.00%,2098-12-31,35%,https://s.click.aliexpress.com/e/_9G6nxn
Dolls & Stuffed Toys,200001725,Assemble DIY Wooden House Miniaturas with Furniture DIY Miniature House Dollhouse Toys for Children Christmas and Birthday h014,32818559319,https://ae01.alicdn.com/kf/H11100f53a9e146cb99927ee152445db1K/Assemble-DIY-Wooden-House-Miniaturas-with-Furniture-DIY-Miniature-House-Dollhouse-Toys-for-Children-Christmas-and.jpg_220x220.jpg,"https://ae04.alicdn.com/kf/H11100f53a9e146cb99927ee152445db1K.jpg,https://ae04.alicdn.com/kf/He94e57b29e284c2596ac3c8bf41627a5s.jpg,https://ae04.alicdn.com/kf/H03dc26e4b66047a99033623d106918ecU.jpg,https://ae04.alicdn.com/kf/H093918764b3f473dbe746f0cd97c6fd5N.jpg,https://ae04.alicdn.com/kf/H1bf956a22c79442385b3cf45f35b06c7W.jpg,",https://www.aliexpress.com/item/32818559319.html,27.32,13.66,8.00%,2098-12-31,50%,https://s.click.aliexpress.com/e/_AE3ckV
Dolls & Stuffed Toys,200001725,3mm Safety Black Animal Amigurumi Eyes plastic craft doll eyes for Crochet stuffed toy DIY accessories passed EN71 free shipping,2049753113,https://ae01.alicdn.com/kf/H409215dec1b84e8ab3ad6b3929c0a540R/3mm-Safety-Black-Animal-Amigurumi-Eyes-plastic-craft-doll-eyes-for-Crochet-stuffed-toy-DIY-accessories.jpg_220x220.jpg,"https://ae04.alicdn.com/kf/H409215dec1b84e8ab3ad6b3929c0a540R.jpg,https://ae04.alicdn.com/kf/H164585a53bd94802b25cb8170e0c9f8bs.jpg,https://ae04.alicdn.com/kf/Hfafe6a69f828400893ee916f6aa04026o.jpg,https://ae04.alicdn.com/kf/H7e730f8f1b8741069de9c2ee9c5e8451N.jpg,https://ae04.alicdn.com/kf/He9784fa3a1084b6da6d13ba4c3a3a6acj.jpg,",https://www.aliexpress.com/item/2049753113.html,10.50,9.45,13.00%,2098-12-31,10%,https://s.click.aliexpress.com/e/_AOVjup
Dolls & Stuffed Toys,200001725,American Reborn Black Doll 12 Inch Handmade Silicone Vinyl Baby Soft Lifelike Newborn Baby Doll Toy Girl Christmas Gift,32845556111,https://ae01.alicdn.com/kf/HTB1xeAeXOLxK1Rjy0Ffq6zYdVXaQ/American-Reborn-Black-Doll-12-Inch-Handmade-Silicone-Vinyl-Baby-Soft-Lifelike-Newborn-Baby-Doll-Toy.jpg_220x220.jpg,"https://ae04.alicdn.com/kf/HTB1xeAeXOLxK1Rjy0Ffq6zYdVXaQ.jpg,https://ae04.alicdn.com/kf/HTB1s15dwtknBKNjSZKPq6x6OFXa5.jpg,https://ae04.alicdn.com/kf/HTB1AmtOXzzuK1RjSspeq6ziHVXaS.jpg,https://ae04.alicdn.com/kf/HTB1x0jodVyZBuNjt_jJq6zDlXXaS.jpg,https://ae04.alicdn.com/kf/HTB1Q4luCgKTBuNkSne1q6yJoXXa7.jpg,",https://www.aliexpress.com/item/32845556111.html,24.98,15.24,8.00%,2098-12-31,39%,https://s.click.aliexpress.com/e/_As0khr
Dolls & Stuffed Toys,200001725,Kawaii Stuffed Toy Kids Toys for Girl's Doll Christmas Gift,32838901734,https://ae01.alicdn.com/kf/HTB133yZbDTI8KJjSsphq6AFppXaB/Kawaii-Stuffed-Toy-Kids-Toys-for-Girl-s-Doll-Christmas-Gift.jpg_220x220.jpg,"https://ae04.alicdn.com/kf/HTB133yZbDTI8KJjSsphq6AFppXaB.jpg,https://ae04.alicdn.com/kf/HTB1gTa7bwfH8KJjy1zcq6ATzpXah.jpg,https://ae04.alicdn.com/kf/HTB1BZ92bBHH8KJjy0Fbq6AqlpXaT.jpg,https://ae04.alicdn.com/kf/HTB1VOi9bwnD8KJjy1Xdq6yZsVXaT.jpg,https://ae04.alicdn.com/kf/HTB1XdKVbBDH8KJjSszcq6zDTFXaM.jpg,",https://www.aliexpress.com/item/32838901734.html,13.50,13.50,10.00%,2098-12-31,0%,https://s.click.aliexpress.com/e/_AEyRYv
Dolls & Stuffed Toys,200001725,55cm black skin reborn doll girls toys for children 22inch Toothy / doll baby reborn soft silicone vinyl toys gifts,32848738000,https://ae01.alicdn.com/kf/HTB1aJyyeLfM8KJjSZPfq6zklXXaO/55cm-black-skin-reborn-doll-girls-toys-for-children-22inch-Toothy-doll-baby-reborn-soft-silicone.jpg_220x220.jpg,"https://ae04.alicdn.com/kf/HTB1aJyyeLfM8KJjSZPfq6zklXXaO.jpg,https://ae04.alicdn.com/kf/HTB1wTzulQfb_uJjSsrbq6z6bVXa5.jpg,https://ae04.alicdn.com/kf/HTB19OX8ngDD8KJjy0Fdq6AjvXXar.jpg,https://ae04.alicdn.com/kf/HTB1UjEom8fH8KJjy1Xbq6zLdXXal.jpg,https://ae04.alicdn.com/kf/HTB1Tr4ynlDH8KJjSspnq6zNAVXaG.jpg,",https://www.aliexpress.com/item/32848738000.html,86.99,56.54,8.00%,2098-12-31,35%,https://s.click.aliexpress.com/e/_ApcYfj
Dolls & Stuffed Toys,200001725,New Arrivals Kawaii Stuffed Doll Toy Beautiful Dolls Plush Children Toys For Girls Christmas Gifts,32839245442,https://ae01.alicdn.com/kf/HTB1OCn0bJzJ8KJjSspkq6zF7VXa0/New-Arrivals-Kawaii-Stuffed-Doll-Toy-Beautiful-Dolls-Plush-Children-Toys-For-Girls-Christmas-Gifts.jpg_220x220.jpg,"https://ae04.alicdn.com/kf/HTB1OCn0bJzJ8KJjSspkq6zF7VXa0.jpg,https://ae04.alicdn.com/kf/HTB1oLXdXyqAXuNjy1Xdq6yYcVXar.jpg,https://ae04.alicdn.com/kf/HTB1rTH0bJzJ8KJjSspkq6zF7VXaE.jpg,https://ae04.alicdn.com/kf/HTB1vAkbbS_I8KJjy0Foq6yFnVXaW.jpg,https://ae04.alicdn.com/kf/HTB1GCz4bN6I8KJjSszfq6yZVXXa0.jpg,",https://www.aliexpress.com/item/32839245442.html,18.50,18.50,10.00%,2098-12-31,0%,https://s.click.aliexpress.com/e/_99uZrR
Dolls & Stuffed Toys,200001725,New Arrivals Kawaii Plush Doll Beautiful Dolls Girls Toys For Children Christmas Gifts,32840670063,https://ae01.alicdn.com/kf/HTB1_ZhVbZjI8KJjSsppq6xbyVXan/New-Arrivals-Kawaii-Plush-Doll-Beautiful-Dolls-Girls-Toys-For-Children-Christmas-Gifts.jpg_220x220.jpg,"https://ae04.alicdn.com/kf/HTB1_ZhVbZjI8KJjSsppq6xbyVXan.jpg,https://ae04.alicdn.com/kf/HTB13W8VbZjI8KJjSsppq6xbyVXa3.jpg,https://ae04.alicdn.com/kf/HTB1aMpaaqLN8KJjSZFvq6xW8VXav.jpg,https://ae04.alicdn.com/kf/HTB1WLNVb22H8KJjy0Fcq6yDlFXaP.jpg,https://ae04.alicdn.com/kf/HTB1sjT5aAfb_uJjSsrbq6z6bVXaI.jpg,",https://www.aliexpress.com/item/32840670063.html,24.00,24.00,10.00%,2098-12-31,0%,https://s.click.aliexpress.com/e/_AVrKNP
